{"Measure":{"3":"WII","8":"SIL","9":"HM","7":"GAM","2":"ABW","11":"DSC","5":"LDA","4":"CAL","10":"CS","15":"CDM 4","14":"CDM 3","30":"HDM 5","16":"CDM 5","13":"CDM 2","0":"ABTN","17":"CDM 6","19":"CDM 8","31":"HDM 10","18":"CDM 7","20":"CDM 9","28":"DC 10%","21":"CDM 10","33":"HDM 40","32":"HDM 20","34":"HDM 80","27":"DC 5%","29":"DC 20%","26":"DC 2%","12":"CDM 1","25":"DC 1%","23":"DC 0.2%","24":"DC 0.5%","6":"DUNN","22":"DC 0.1%","1":"AWTN"},"Expected":{"3":0.802286,"8":0.798531,"9":0.811283,"7":0.791216,"2":0.77543,"11":0.825445,"5":0.807314,"4":0.812012,"10":0.767223,"15":0.755598,"14":0.754523,"30":0.755787,"16":0.736352,"13":0.73181,"0":0.75796,"17":0.725799,"19":0.711536,"31":0.763379,"18":0.719329,"20":0.710013,"28":0.748782,"21":0.711477,"33":0.69294,"32":0.707406,"34":0.655272,"27":0.71753,"29":0.655484,"26":0.640985,"12":0.617904,"25":0.625403,"23":0.604139,"24":0.621176,"6":0.632263,"22":0.563681,"1":0.524822},"Calculated":{"3":0.7854143197,"8":0.7733794616,"9":0.7694097381,"7":0.7686874006,"2":0.7634716259,"11":0.7598152823,"5":0.7415503307,"4":0.7409451443,"10":0.7209848515,"15":0.7198902831,"14":0.7148863461,"30":0.7090905125,"16":0.7018745663,"13":0.6957203687,"0":0.6925380578,"17":0.6914381729,"19":0.6899826387,"31":0.6895495557,"18":0.6894259329,"20":0.6880909021,"28":0.6858538081,"21":0.6813433609,"33":0.6649702015,"32":0.6603453269,"34":0.6426424,"27":0.6353023194,"29":0.6037517307,"26":0.6000105567,"12":0.5927199849,"25":0.5860884301,"23":0.573768772,"24":0.5701126083,"6":0.5620359778,"22":0.5586161095,"1":0.539879678}}